Datetime,Water Level (m)
2025-11-21 06:00:00,-0.20733657
2025-11-21 07:00:00,-0.43048036
2025-11-21 08:00:00,-0.59334296
2025-11-21 09:00:00,-0.65498346
2025-11-21 10:00:00,-0.572508
2025-11-21 11:00:00,-0.36491144
2025-11-21 12:00:00,-0.07567863
2025-11-21 13:00:00,0.22484364
2025-11-21 14:00:00,0.46723604
2025-11-21 15:00:00,0.5884746
2025-11-21 16:00:00,0.57969296
2025-11-21 17:00:00,0.44285843
2025-11-21 18:00:00,0.21017368
2025-11-21 19:00:00,-0.06242323
2025-11-21 20:00:00,-0.30092657
2025-11-21 21:00:00,-0.44824335
2025-11-21 22:00:00,-0.49597338
2025-11-21 23:00:00,-0.4110728
2025-11-22 00:00:00,-0.23087673
2025-11-22 01:00:00,-0.011645023
2025-11-22 02:00:00,0.1615594
2025-11-22 03:00:00,0.25835806
2025-11-22 04:00:00,0.24395399
2025-11-22 05:00:00,0.11243223
2025-11-22 06:00:00,-0.0944827
2025-11-22 07:00:00,-0.33210996
2025-11-22 08:00:00,-0.5220737
2025-11-22 09:00:00,-0.6310643
2025-11-22 10:00:00,-0.61667645
2025-11-22 11:00:00,-0.4860137
2025-11-22 12:00:00,-0.23950744
2025-11-22 13:00:00,0.059380047
2025-11-22 14:00:00,0.33395204
2025-11-22 15:00:00,0.51366186
2025-11-22 16:00:00,0.58211297
2025-11-22 17:00:00,0.5242097
2025-11-22 18:00:00,0.3387874
2025-11-22 19:00:00,0.08673624
2025-11-22 20:00:00,-0.16824202
2025-11-22 21:00:00,-0.36124277
2025-11-22 22:00:00,-0.46893594
2025-11-22 23:00:00,-0.46099013
2025-11-23 00:00:00,-0.34549764
2025-11-23 01:00:00,-0.15468234
2025-11-23 02:00:00,0.034680776
2025-11-23 03:00:00,0.17128442
2025-11-23 04:00:00,0.21178359
2025-11-23 05:00:00,0.1528742
2025-11-23 06:00:00,0.004722526
2025-11-23 07:00:00,-0.203907
2025-11-23 08:00:00,-0.407012
2025-11-23 09:00:00,-0.55621105
2025-11-23 10:00:00,-0.6078608
2025-11-23 11:00:00,-0.5531196
2025-11-23 12:00:00,-0.3821362
2025-11-23 13:00:00,-0.12805147
2025-11-23 14:00:00,0.15783606
2025-11-23 15:00:00,0.3899443
2025-11-23 16:00:00,0.5249602
2025-11-23 17:00:00,0.5370959
2025-11-23 18:00:00,0.4274279
2025-11-23 19:00:00,0.22207493
2025-11-23 20:00:00,-0.025749382
2025-11-23 21:00:00,-0.24795483
2025-11-23 22:00:00,-0.40390006
2025-11-23 23:00:00,-0.4583825
2025-11-24 00:00:00,-0.41729698
2025-11-24 01:00:00,-0.27953798
2025-11-24 02:00:00,-0.09959324
2025-11-24 03:00:00,0.06524252
2025-11-24 04:00:00,0.15752324
2025-11-24 05:00:00,0.16566496
2025-11-24 06:00:00,0.08843152
2025-11-24 07:00:00,-0.07047259
2025-11-24 08:00:00,-0.26028818
2025-11-24 09:00:00,-0.43696362
2025-11-24 10:00:00,-0.54334074
2025-11-24 11:00:00,-0.5600796
2025-11-24 12:00:00,-0.4632162
2025-11-24 13:00:00,-0.27194473
2025-11-24 14:00:00,-0.018487448
2025-11-24 15:00:00,0.2327368
2025-11-24 16:00:00,0.41943288
2025-11-24 17:00:00,0.50227755
2025-11-24 18:00:00,0.4656379
2025-11-24 19:00:00,0.32573387
2025-11-24 20:00:00,0.11959225
2025-11-24 21:00:00,-0.10343711
2025-11-24 22:00:00,-0.29012635
2025-11-24 23:00:00,-0.40663698
2025-11-25 00:00:00,-0.43110162
2025-11-25 01:00:00,-0.36517736
2025-11-25 02:00:00,-0.23140728
2025-11-25 03:00:00,-0.065567136
2025-11-25 04:00:00,0.07177496
2025-11-25 05:00:00,0.1394365
2025-11-25 06:00:00,0.12953614
2025-11-25 07:00:00,0.04039031
2025-11-25 08:00:00,-0.108340874
2025-11-25 09:00:00,-0.2766905
2025-11-25 10:00:00,-0.41995734
2025-11-25 11:00:00,-0.4971213
2025-11-25 12:00:00,-0.47016722
2025-11-25 13:00:00,-0.35849723
2025-11-25 14:00:00,-0.16491063
2025-11-25 15:00:00,0.062686555
2025-11-25 16:00:00,0.2795484
2025-11-25 17:00:00,0.42668512
2025-11-25 18:00:00,0.4662175
2025-11-25 19:00:00,0.409822
2025-11-25 20:00:00,0.26438335
2025-11-25 21:00:00,0.06965996
2025-11-25 22:00:00,-0.13600492
2025-11-25 23:00:00,-0.29867557
2025-11-26 00:00:00,-0.3879184
2025-11-26 01:00:00,-0.39873633
2025-11-26 02:00:00,-0.32481664
2025-11-26 03:00:00,-0.18854201
2025-11-26 04:00:00,-0.035181582
2025-11-26 05:00:00,0.07782319
2025-11-26 06:00:00,0.14128242
2025-11-26 07:00:00,0.13137108
2025-11-26 08:00:00,0.04274725
2025-11-26 09:00:00,-0.0965828
2025-11-26 10:00:00,-0.23863745
2025-11-26 11:00:00,-0.36119372
2025-11-26 12:00:00,-0.42095733
2025-11-26 13:00:00,-0.38409805
2025-11-26 14:00:00,-0.26676056
2025-11-26 15:00:00,-0.09313343
2025-11-26 16:00:00,0.11545085
2025-11-26 17:00:00,0.3062639
2025-11-26 18:00:00,0.41345048
2025-11-26 19:00:00,0.4229866
2025-11-26 20:00:00,0.35982898
2025-11-26 21:00:00,0.2185247
2025-11-26 22:00:00,0.026794348
2025-11-26 23:00:00,-0.15967056
2025-11-27 00:00:00,-0.303269
2025-11-27 01:00:00,-0.3733131
2025-11-27 02:00:00,-0.37718633
2025-11-27 03:00:00,-0.3041394
2025-11-27 04:00:00,-0.1709603
2025-11-27 05:00:00,-0.023634348
2025-11-27 06:00:00,0.09126049
